{
  "version": 1,
  "author": "Anonymous maker",
  "editor": "wokwi",
  "parts": [
    { "type": "wokwi-arduino-uno", "id": "uno", "top": -9, "left": 220.2, "attrs": {} },
    {
      "type": "wokwi-lcd1602",
      "id": "lcd1",
      "top": -252.8,
      "left": 197.6,
      "attrs": { "pins": "i2c" }
    },
    { "type": "wokwi-dht22", "id": "dht1", "top": 3, "left": 594.3, "rotate": 90, "attrs": {} },
    { "type": "wokwi-ds1307", "id": "rtc1", "top": 109.8, "left": 585.7, "attrs": {} }
  ],
  "connections": [
    [ "rtc1:SDA", "uno:A4", "gray", [ "h-67.2", "v95.7", "h-57.6" ] ],
    [ "rtc1:SCL", "uno:A5", "white", [ "h-28.8", "v67", "h-86.4" ] ],
    [ "dht1:SDA", "uno:7", "gold", [ "h-57.6", "v-86.3", "h-105.6" ] ],
    [ "lcd1:SCL", "uno:A5", "white", [ "h-9.6", "v413.1", "h288" ] ],
    [ "lcd1:SDA", "uno:A4", "gray", [ "h-19.2", "v441.8", "h288" ] ],
    [ "lcd1:VCC", "uno:5V", "red", [ "h-67.2", "v528.1", "h249.6" ] ],
    [ "lcd1:GND", "uno:GND.3", "black", [ "h-38.4", "v499.2", "h230.4" ] ],
    [ "rtc1:GND", "uno:GND.3", "black", [ "h-48", "v153.6", "h-153.6" ] ],
    [ "dht1:VCC", "uno:5V", "red", [ "h-57.6", "v268.8", "h-134.4" ] ],
    [ "dht1:GND", "uno:GND.3", "black", [ "h-19.2", "v201.6", "h-153.6" ] ],
    [ "rtc1:5V", "uno:5V", "red", [ "h-86.4", "v182", "h-124.8" ] ]
  ],
  "dependencies": {}
}